<addon id="repository.webshare" name="Webshare Repository" version="1.0.0" provider-name="You">
  <extension point="xbmc.addon.repository" name="Webshare Repository">
    <info compressed="false">https://yourdomain.com/addons.xml</info>
    <checksum>https://yourdomain.com/addons.xml.md5</checksum>
    <datadir>https://yourdomain.com/</datadir>
  </extension>
  <extension point="xbmc.addon.metadata">
    <summary lang="en">Repository for Webshare plugin</summary>
    <description lang="en">Install Webshare plugin from this repository.</description>
    <platform>all</platform>
  </extension>
</addon>
