<addon id="plugin.video.webshare"
       name="Webshare Stream"
       version="0.1.0"
       provider-name="TvujNick">
  <requires>
    <import addon="xbmc.python" version="3.0.0"/>
  </requires>
  <extension point="xbmc.python.pluginsource" library="default.py" />
  <extension point="xbmc.addon.metadata">
    <summary>Stream videí z Webshare.cz</summary>
    <description>Umožňuje přehrávání vlastních souborů uložených na Webshare.cz</description>
    <platform>all</platform>
  </extension>
</addon>